province;fishing.guild;turfID;NFISHERS;FDAYS;BENEFIT;CATCH.V;KG.SOLD;DAYS.SOLD;POUCH;ISO;UNEMP
Pontevedra;A Guarda;1;13,30;100,00;83888,92;29,75;16383,14;120,70;0,01;49,20;0,09
Pontevedra;Aldan;2;0,00;14,70;0,00;0,00;51,67;5,00;0,00;26,10;0,09
Pontevedra;Baiona;3;30,10;150,00;528116,85;38,00;29819,83;109,50;0,16;21,40;0,09
Pontevedra;Bueu;4;19,10;152,90;429363,49;38,32;10442,29;160,30;0,09;17,80;0,09
Pontevedra;Cangas;5;27,10;152,00;622855,94;45,10;15958,78;121,20;0,16;25,10;0,09
Pontevedra;O Grove;6;13,90;96,00;114846,53;34,38;5317,82;81,70;0,24;32,20;0,09
Pontevedra;Vigo;7;3,67;0,00;58003,32;40,68;2329,22;135,67;0,00;0,00;0,09
A Coruna;A Coruna_mix;8;24,78;144,00;160626,20;56,31;94651,87;234,60;1,00;0,00;0,48
A Coruna;Aguino;9;95,50;202,56;1239551,74;31,63;39681,72;98,20;NA;65,10;0,48
A Coruna;Caion;10;3,00;160,00;22465,90;14,84;916,63;105,00;0,00;20,60;0,48
A Coruna;Camarinas;11;17,10;154,00;53537,87;14,90;648,33;59,10;0,03;74,50;0,48
A Coruna;Camelle;12;41,20;145,20;431586,25;23,46;406,99;54,83;0,03;68,80;0,48
A Coruna;Carino;13;19,80;126,00;399518,65;30,91;12865,97;94,60;0,04;89,00;0,48
A Coruna;Cedeira;14;40,10;176,70;632020,65;22,54;58967,37;212,10;0,04;74,60;0,48
A Coruna;Corme;15;15,60;136,20;95935,22;18,52;592,31;77,22;0,03;54,50;0,48
A Coruna;Espasante;16;5,50;172,00;66284,37;23,61;151,97;25,00;0,04;93,10;0,48
A Coruna;Ferrol;17;35,00;158,20;422653,25;20,33;7556,55;162,70;0,00;44,30;0,48
A Coruna;Finisterra;18;9,00;175,60;117257,74;16,69;250,90;35,90;0,00;77,90;0,48
A Coruna;Laxe;19;18,30;90,40;126353,65;17,23;2192,35;73,70;0,03;59,60;0,48
A Coruna;Lira;20;8,30;56,40;65963,29;26,03;2169,85;61,20;0,00;67,30;0,48
A Coruna;Malpica;21;17,90;165,50;232925,35;20,69;20058,08;177,56;0,00;43,10;0,48
A Coruna;Muros;22;0,00;0,00;0,00;0,00;1930,42;77,60;0,00;60,20;0,48
A Coruna;Muxia;23;8,20;153,00;91098,58;20,24;2445,55;145,60;0,03;70,10;0,48
A Coruna;O Barqueiro;24;8,20;150,80;69071,12;22,09;600,01;48,60;0,04;102,00;0,48
A Coruna;O Pindo;25;0,00;0,00;0,00;0,00;0,00;0,00;0,00;64,50;0,48
A Coruna;Porto do Son;26;9,00;149,50;83179,71;26,15;11,80;2,20;NA;51,30;0,48
A Coruna;Ribeira;27;2,00;40,80;4196,56;33,45;6970,50;142,80;0,00;60,20;0,48
Lugo;San cosme;28;0,00;0,00;0,00;0,00;0,00;0,00;0,00;75,60;0,81
Lugo;Burela;29;0,90;30,00;10618,42;65,60;4027,77;95,10;0,18;89,10;0,81
Lugo;Celeiro;30;7,00;97,00;103864,25;26,81;24,72;3,00;0,00;88,50;0,81
Lugo;O Vicedo;31;3,60;79,00;46560,90;29,80;49,85;9,00;0,00;97,10;0,81
Lugo;Ribadeo;32;0,00;0,00;0,00;0,00;2865,99;60,70;0,06;85,20;0,81
Lugo;San Cibrao;33;9,00;70,00;117539,69;30,92;4036,12;55,40;0,00;95,00;0,81